table,name,viv,index,kalik_id,newname,lon,lat
1000,moztow,pod,pod_mztw,66,"",,
502,rejowice,rus,rus_rjwc,735,"",,
1405,bialocerkiew,brc,kij_blcrkw,440,"",15.2666666666667,45.8666666666667
607,skwirzyna,pzn,pzn_skwrzyn,893,"",15.5,52.6
607,miedzyrzecz,pzn,pzn_mdzyrzcz,880,"",15.601067293933,52.4385252219059
607,broice,pzn,pzn_brc,867,"",15.6666666666667,52.3166666666667
607,heinrichdorf,pzn,pzn_hnrchdrf,874,"",15.7666666666667,48.75
607,heinrichsdorf,pzn,pzn_hnrchsdrf,875,"",15.7666666666667,48.75
607,babimost,pzn,pzn_bbmst,865,"",15.8281395187974,52.170737622087
607,trzciel,pzn,pzn_trzcl,899,"",15.8663393641309,52.3619313442304
607,kargowa,pzn,pzn_krgw,877,"",15.8692686772135,52.0738558335319
607,zbaszyn,pzn,pzn_zbszyn,906,"",15.9074639216155,52.2584554477666
607,miedzychod,pzn,pzn_mdzychd,879,"",15.9090455538725,52.6136429890082
607,sierakow,pzn,pzn_srkw,892,"",16.0686899611559,52.6517564976282
607,wolsztyn,pzn,pzn_wlsztyn,903,"",16.1232350725055,52.1125768917393
607,tuczno,pzn,pzn_tczn,900,"",16.1677759880048,53.2032132917295
607,wielen,pzn,pzn_wln,902,"",16.1683085098533,52.8896346477441
607,lwowek,pzn,pzn_lwwk,878,"",16.1774439084625,52.4501529889966
607,szlichtyczkow,pzn,pzn_szlchtyczkw,896,"",16.2396668080681,51.7102572094422
803,ulenice,snd,snd_lnc,1102,"",,
607,rakoniewice,pzn,pzn_rknwc,887,"",16.2666666666667,52.1333333333333
607,pniewy,pzn,pzn_pnwy,886,"",16.2684840257706,52.5070422938322
607,wschowa,pzn,pzn_wschw,905,"",16.3107996444516,51.8110018325274
607,wronki,pzn,pzn_wrnk,904,"",16.395178660655,52.7102352039637
607,walcz,pzn,pzn_wlcz,901,"",16.4662960835582,53.2729364219463
607,trzcianka,pzn,pzn_trzcnk,898,"",16.468634532175,53.0318645310915
607,charnkow,pzn,pzn_chrnkw,868,"",16.5666666666667,52.9
607,szamotuly,pzn,pzn_szmtly,895,"",16.5789600389842,52.6135917631906
607,leszno,pzn,pzn_lszn,908,"",16.5803501510703,51.8319693916415
607,osieczna,pzn,pzn_sczn,884,"",16.6713374152226,51.9053826946526
607,pila,pzn,pzn_pl,885,"",16.7451247957284,53.1518301723533
607,czempin,pzn,pzn_czmpn,869,"",16.7686830228192,52.1472718363076
607,steszew,pzn,pzn_stszw,894,"",16.7,52.2833333333333
607,oborniki,pzn,pzn_brnk,882,"",16.8379584192683,52.6479673553438
607,rawicz,pzn,pzn_rwcz,888,"",16.8489957032058,51.6023061570581
607,mosina,pzn,pzn_msn,881,"",16.85,52.25
603,chodziez,kls,kls_chdzz,774,"",16.9062057422499,52.9928559929061
100,poznan,pzn,pzn_pznn,9,"",16.9356907686123,52.4098079881286
603,ledyczek,kls,kls_ldyczk,820,"",16.9666666666667,53.5333333333333
603,krajenka,kls,kls_krjnk,794,"",16.9728030602185,53.2990520987558
607,rogozno,pzn,pzn_rgzn,890,"",17.0090273315753,52.7447892976152
607,szrem,pzn,pzn_szrm,897,"",17.0166666666667,52.0833333333333
607,goslina,pzn,pzn_gsln,872,"",17.0166666666667,52.5833333333333
603,margonin,kls,kls_mrgnn,797,"",17.1083916949951,52.9568364926788
603,zaniemysl,kls,kls_znmysl,814,"",17.1662587328484,52.150632878823
607,jutrosin,pzn,pzn_jtrsn,876,"",17.1666666666667,51.65
603,skoki,kls,kls_skk,809,"",17.1750752975165,52.6601605972408
603,kurnik,kls,kls_krnk,796,"",17.1,52.25
603,kobylin,kls,kls_kbyln,789,"",17.216247628786,51.7181171553752
603,debrzno_frydland,kls,kls_dbrzn_frydlnd,776,"",17.23333333,53.53333333
603,lobzenica,kls,kls_lbznc,822,"",17.2339008453791,53.2555372944034
603,borek,kls,kls_brk,773,"",17.253833115765,51.9205515395357
603,zduny,kls,kls_zdny,815,"",17.3872981103873,51.6432843534798
603,jaroczew,kls,kls_jrczw,783,"",17.3,51.9666666666667
603,nowemiasto_on_warta,kls,kls_nwmst_n_wrt,800,"",17.41666667,52.1
603,krotoszyn,kls,kls_krtszyn,795,"",17.4422734924693,51.6857294322649
603,kozmin,kls,kls_kzmn,790,"",17.4655921680504,51.8163462992014
603,miloslaw,kls,kls_mlslw,821,"",17.4841099919432,52.2072225655312
603,jarocin,kls,kls_jrcn,782,"",17.4898578854863,51.9698160252835
603,kcynia,kls,kls_kcyn,787,"",17.4916233481593,52.9812428308052
603,dzialyn,kls,kls_dzlyn,777,"",17.5019408341046,52.5893387973836
603,sempelborg,kls,kls_smplbrg,808,"",17.5349675061567,53.4419895380988
603,zerkow,kls,kls_zrkw,818,"",17.5701062085899,52.060786385779
603,wrzesnia,kls,kls_wrzsn,813,"",17.583521870143,52.3248155623555
603,gniezno,kls,kls_gnzn,778,"",17.5860406166389,52.5403921737027
603,mrocza,kls,kls_mrcz,798,"",17.6161351782918,53.2471238130634
603,karmin,kls,kls_krmn,785,"",17.6893368177694,51.8318704257488
603,pyzdry,kls,kls_pyzdry,803,"",17.6970598985808,52.1739416132984
603,odolanow,kls,kls_dlnw,801,"",17.7006218460402,51.5659565948542
603,ostrow,kls,kls_strw,819,"",17.8296319770446,51.642995488546
1405,steblow,brc,kij_stblw,508,"",,
603,barcin,kls,kls_brcn,772,"",17.9609700004239,52.8557468123214
605,kepno,srd,swr_kpn,843,"",17.9893369275864,51.2753564884692
602,zoledowo,inw,inw_zldw,771,"",18.0607845671495,53.2193145599879
603,kalisz,kls,kls_klsz,784,"",18.0942269827602,51.7553420043279
603,stawiszyn,kls,kls_stwszyn,810,"",18.1114290112899,51.9105927621459
603,golina,kls,kls_gln,780,"",18.1164653729346,52.2402275167327
603,kazimierz,kls,kls_kzmrz,786,"",18.1666666666667,52.3166666666667
605,wieruszow,srd,swr_wrszw,849,"",18.16666667,51.28333333
602,fordon,inw,inw_frdn,759,"",18.1710801160909,53.1592822820413
603,rychwal,kls,kls_rychwl,807,"",18.1778984780415,52.0699785765744
603,kleczew,kls,kls_klczw,788,"",18.1778984780415,52.3679220070574
603,wilczyn,kls,kls_wlczyn,811,"",18.1870037169872,52.4808924445842
603,zydow,kls,kls_zydw,823,"",18.1,51.7
601,ostromecko,chl,chl_strmck,751,"",18.2216271501657,53.1525513135076
603,konin,kls,kls_knn,792,"",18.2611830948784,52.1993310614889
603,koωminek,kls,kls_kωmnk,793,"",18.2666666666667,51.7666666666667
602,inowroclaw,inw,inw_nwrclw,760,"",18.2856831720379,52.7986200298129
603,zlotowo,kls,kls_zltw,816,"",18.45,52.4333333333333
603,russocice,kls,kls_rsscc,805,"",18.4904932718208,52.0959066952781
605,zloczew,srd,swr_zlczw,851,"",18.61666667,51.41666667
605,dobra,srd,swr_dbr,841,"",18.6302706797126,51.9148540152208
601,torun,chl,chl_trn,755,"",18.6336208071564,53.0184526916569
605,warta,srd,swr_wrt,852,"",18.6375088667701,51.7135844167648
603,kolo,kls,kls_kl,791,"",18.6383425310967,52.1800953420951
605,burzenin,srd,swr_brznn,837,"",18.83333333,51.46666667
601,pokrzywno,chl,chl_pkrzywn,754,"",18.8513148632285,53.4398830965791
702,dzialoszyn,sier,sier_dzlszyn,958,"",18.8666666666667,51.1166666666667
605,widawa,srd,swr_wdw,853,"",18.95,51.43333333
605,grabow,srd,swr_grbw,842,"",19.0166666666667,52.1333333333333
601,szembruk,chl,chl_szmbrk,752,"",19.0215373759096,53.5584541843512
604,kalow,lcz,lcz_klw,828,"",19.0377969320397,51.8349912503569
701,biala,krk,krk_bl,944,"",19.05,49.8166666666667
602,kikol,inw,inw_kkl,762,"",19.1166666666667,52.9166666666667
701,czestochowa,krk,krk_czstchw,924,"",19.11666667,50.8
605,lask,srd,swr_lsk,854,"",19.1381094623661,51.5937669181229
701,bedzin,krk,krk_bdzn,921,"",19.15,50.3166666666667
604,krosniewice,lcz,lcz_krsnwc,829,"",19.1628713168798,52.257173559542
602,lipno,inw,inw_lpn,764,"",19.1833333333333,52.85
604,leczyca,lcz,lcz_lczyc,830,"",19.1851132350946,52.0602086541128
604,parzeczew,lcz,lcz_przczw,831,"",19.2142752438699,51.9392022265671
701,zywiec,krk,krk_zywc,956,"",19.21666667,49.68333333
701,oswiecim,krk,krk_swcm,953,"",19.2199817805724,50.0389134002222
605,lutomiersk,srd,swr_ltmrsk,855,"",19.2211218751091,51.7447458045709
601,plowez,chl,chl_plwz,753,"",19.2211338684677,53.4339063345727
701,olsztyn,krk,krk_lsztyn,937,"",19.26666667,50.75
602,radziki,inw,inw_rdzk,769,"",19.2833333333333,53.1666666666667
703,dabrow,snd,snd_dbrw,970,"",,
602,dobrzyn,inw,inw_dbrzyn,758,"",19.3166666666667,52.6333333333333
701,zarki,krk,krk_zrk,950,"",19.3646385512403,50.6267316409447
608,kutno,rwa,raw_ktn,916,"",19.365384861164,52.2343616582197
608,jakubek_in_kutno,rwa,raw_jkbk_n_ktn,915,"",19.36666667,52.23333333
701,chrzanow,krk,krk_chrznw,951,"",19.4073151859327,50.1428386339043
701,zator,krk,krk_ztr,954,"",19.4366407309876,49.9963072727383
608,gostynin,rwa,raw_gstynn,913,"",19.4698938969765,52.4204964592252
604,piatek,lcz,lcz_ptk,832,"",19.4776511987897,52.0701660096744
701,kromolow,krk,krk_krmlw,929,"",19.51666667,50.48333333
605,tuszyn,srd,swr_tszyn,848,"",19.55,51.6
701,olkusz,krk,krk_lksz,936,"",19.5610273003353,50.2799178617954
604,strykow,lcz,lcz_strykw,834,"",19.6101199865212,51.8952536495223
601,bratian,chl,chl_brtn,748,"",19.6166666666667,53.45
701,lelow,krk,krk_llw,947,"",19.623860080642,50.6823363132487
608,zychlin,rwa,raw_zychln,920,"",19.6333333333333,52.25
604,bielawy,lcz,lcz_blwy,824,"",19.657683841721,52.0696896055206
606,sierpc,plc,plc_srpc,863,"",19.676986166703,52.846907067628
604,sobota,lcz,lcz_sbt,833,"",19.6787658287715,52.1199286433841
701,makow_podhalanski,krk,krk_mkw_pdhlnsk,932,"",19.68333333,49.73333333
606,plock,plc,plc_plck,860,"",19.6868871563571,52.5452559167792
605,piotrkow,srd,swr_ptrkw,846,"",19.6995187781732,51.3998168315162
701,naklo,krk,krk_nkl,948,"",19.7272786835548,50.6580585739161
608,glowno,rwa,raw_glwn,912,"",19.7294985917311,51.9562852954767
802,glowno,rwa,raw_glwn,1052,"",19.7294985917311,51.9562852954767
608,gabin,rwa,raw_gbn,909,"",19.7463604130323,52.4015965961398
604,brzeziny,lcz,lcz_brzzny,827,"",19.7523089633067,51.8025157705036
701,wolbrom,krk,krk_wlbrm,942,"",19.7575177310378,50.386130638554
601,wlewsk,chl,chl_wlwsk,756,"",19.7655826452937,53.2617306698117
601,fijewo,chl,chl_fjw,750,"",19.7666666666667,53.5
701,szczekociny,krk,krk_szczkcny,940,"",19.81769531201,50.6267904556694
703,secemin,snd,snd_scmn,1012,"",19.8376232208363,50.7651792255722
701,zarnowiec,krk,krk_zrnwc,943,"",19.8645519257054,50.4862766813287
601,ciborz,chl,chl_cbrz,749,"",19.870970350205,53.2561379965529
606,biezun,plc,plc_bzn,856,"",19.8883779124893,52.9522695042882
703,przedborz,snd,snd_przdbrz,989,"",19.8902752076779,51.0871861107212
608,grodzisk,rwa,raw_grdzsk,910,"",19.8,51.9166666666667
604,ujazd,lcz,lcz_jzd,835,"",19.9188598067443,51.5967624698702
100,kazimierz,krk,krk_kzmrz,6,"",19.9466672325367,50.0516214964871
703,wloszczowa,snd,snd_wlszczw,1000,"",19.9698713046743,50.8512954703839
701,kuznice,krk,krk_kznc,931,"",19.9833333333333,49.2666666666667
606,drobin,plc,plc_drbn,857,"",19.9909173215416,52.7286808563644
501,libicza,blz,blz_lbcz,697,"",,
701,nowy_targ,krk,krk_nwy_trg,934,"",20.03333333,49.48333333
606,kuczbork,plc,plc_kczbrk,858,"",20.0490084380689,53.0796263297679
608,gluchow,rwa,raw_glchw,911,"",20.0666666666667,51.7833333333333
606,radzanow,plc,plc_rdznw,862,"",20.0803995666807,52.9370553542593
606,szrensk,plc,plc_szrnsk,864,"",20.1257049859446,53.0147915121055
701,ksiaz,krk,krk_ksz,930,"",20.1333333333333,50.45
703,zarnow,snd,snd_zrnw,1003,"",20.18333333,51.25
701,wodzislaw,krk,krk_wdzslw,949,"",20.1890120637673,50.5216186745448
605,wyszogrod,maz,maz_wyszgrd,850,"",20.1991704829083,52.3906221685169
701,oksza,krk,krk_oksz,935,"",20.1,50.7333333333333
608,sochaczew,rwa,raw_schczw,919,"",20.2583077456788,52.2296990080455
702,sochaczew,rwa,raw_schczw,963,"",20.2583077456788,52.2296990080455
802,stara_rawa,rwa,raw_str_rw,1068,"",20.2833333333333,51.8833333333333
703,opoczno,snd,snd_pczn,1004,"",20.3017065123084,51.3797836032394
701,dzialoszyce,krk,krk_dzlszyc,926,"",20.3518672181044,50.364328748119
606,plonsk,plc,plc_plnsk,861,"",20.3864709374641,52.6145747441871
606,mlawa,plc,plc_mlw,859,"",20.3958996049872,53.1128967392486
701,proszowice,krk,krk_prszwc,939,"",20.3,50.2
703,konskie,snd,snd_knsk,978,"",20.41666667,51.2
703,gowarczow,snd,snd_gwrczw,973,"",20.43333333,51.28333333
703,sobkow,snd,snd_sbkw,1011,"",20.4506221751522,50.6993455566878
703,checiny,snd,snd_chcny,969,"",20.45,50.73333333
701,wisnicz,krk,krk_wsncz,941,"",20.4666666666667,49.9166666666667
802,biala,rwa,raw_bl,1048,"",20.4773922660233,51.8021499658723
703,gielniow,snd,snd_glnw,972,"",20.48333333,51.4
703,drzewica,snd,snd_drzwc,1006,"",20.4945643911962,51.4539240908487
701,koscielec,krk,krk_ksclc,946,"",20.4,50.2
608,mszczonow,rwa,raw_mszcznw,917,"",20.5136354357333,51.9662065567487
803,korytnica,snd,snd_krytnc,1086,"",20.5166666666667,50.6666666666667
703,pinczow,snd,snd_pnczw,986,"",20.5264118280355,50.5189216953248
803,odrzywol,snd,snd_drzywl,1109,"",20.55,51.53333333
703,nowemiasto,snd,snd_nwmst,1009,"",20.5833333333333,51.6166666666667
802,nowemiasto_on_pilica,rwa,raw_nwmst_n_plc,1060,"",20.58333333,51.63333333
605,ciechanow,maz,maz_cchnw,840,"",20.6131654524722,52.8768091320985
100,grodzisk,maz,maz_grdzsk,4,"",20.6166666666667,52.1
701,brzesko,krk,krk_brzsk,923,"",20.61666667,49.96666667
703,prysucha,snd,snd_prysch,987,"",20.6333333333333,51.3666666666667
803,przysucha,snd,snd_przysch,1090,"",20.6391173267673,51.3543741954957
803,klwow,snd,snd_klww,1085,"",20.6508370180592,51.5302196804942
703,wislica,snd,snd_wslc,999,"",20.6725883063707,50.3503113545614
502,pilaszkowiec,lbl,lbl_plszkwc,747,"",,
900,pilaszkowiec,lbl,lbl_plszkwc,1114,"",,
701,nowy_sacz,krk,krk_nwy_scz,933,"",20.690447443607,49.6277523000376
803,skrzynno,snd,snd_skrzynn,1097,"",20.71666667,51.36666667
703,chmielnik,snd,snd_chmlnk,1005,"",20.751816260778,50.6157205294638
803,suchowola,snd,snd_schwl,1100,"",20.75,50.6333333333333
703,pierzchnica,snd,snd_przchnc,985,"",20.75,50.7
605,nasielsk,maz,maz_nslsk,845,"",20.8079336703153,52.5764054722053
803,szydlowiec,snd,snd_szydlwc,1101,"",20.8598638067476,51.2277101824852
802,przebyszew,maz,maz_przbyszw,1064,"",20.85,51.6666666666667
802,goszczyn,maz,maz_gszczyn,1053,"",20.85,51.73333333
802,ozarow_mazowiecki,maz,maz_zrw_mzwck,1062,"",20.85,52.2333333333333
802,grojec,maz,maz_grjc,1051,"",20.86666667,51.86666667
703,zabno,snd,snd_zbn,1013,"",20.8876863388886,50.135262413324
301,jablonna,maz,maz_jblnn,623,"",20.93333333,52.36666667
703,stopnica,snd,snd_stpnc,995,"",20.9436859366947,50.4395537829802
701,grybow,krk,krk_grybw,927,"",20.95,49.63333333
701,bobow,krk,krk_bbw,922,"",20.95,49.7166666666667
803,bialobrzegi,snd,snd_blbrzg,1077,"",20.95,51.65
703,tarnow,snd,snd_trnw,997,"",20.9896751202111,50.0133282941541
703,szydlow,snd,snd_szydlw,996,"",21.0009831469214,50.5925936931935
802,piaseczno,maz,maz_psczn,1063,"",21.03333333,52.08333333
703,pacanow,snd,snd_pcnw,984,"",21.0391764821201,50.4006078212925
703,rakow,snd,snd_rkw,990,"",21.0426018622044,50.6734751113508
703,olesnica,snd,snd_lsnc,981,"",21.0633957334977,50.4498570958185
703,kurozweki,snd,snd_krzwk,1007,"",21.1025098018942,50.5902310768377
803,jedlinsk,snd,snd_jdlnsk,1107,"",21.11666667,51.51666667
803,radom,snd,snd_rdm,1092,"",21.1420895371657,51.4010672853102
802,sobikow,maz,maz_sbkw,1067,"",21.15,51.9666666666667
701,gorlice,krk,krk_grlc,945,"",21.16666667,49.66666667
703,malopolski_staszow,snd,snd_mlplsk_stszw,979,"",21.16666667,50.55
401,radzymin,maz,maz_rdzymn,668,"",21.18333333,52.41666667
401,karczew,maz,maz_krczw,665,"",21.25,52.08333333
301,lipniki,maz,maz_lpnk,626,"",21.2666666666667,52.9
703,bogoria,snd,snd_bgr,968,"",21.26666667,50.66666667
703,iwaniska,snd,snd_wnsk,974,"",21.2763787491002,50.7322616547403
703,polaniec,snd,snd_plnc,1010,"",21.2820452919938,50.4318926873371
802,warka,maz,maz_wrk,1069,"",21.2,51.78333333
803,glowaczow,snd,snd_glwczw,1081,"",21.3166666666667,51.6166666666667
301,myszyniec,maz,maz_myszync,627,"",21.35,53.38333333
401,niegow,maz,maz_ngw,679,"",21.3833333333333,52.5166666666667
703,ostrowiec,snd,snd_strwc,983,"",21.3856395114783,50.9393127567377
605,rozan,maz,maz_rzn,847,"",21.3998114202246,52.8840772315061
802,osieck,maz,maz_sck,1061,"",21.41666667,51.96666667
703,mielec,snd,snd_mlc,980,"",21.4209311197436,50.2873986608467
703,opatow,snd,snd_ptw,982,"",21.422655309602,50.8001856707047
100,debica,snd,snd_dbc,2,"",21.4276119355814,50.0462665069964
803,ryczywol,snd,snd_ryczywl,1093,"",21.4373268428229,51.6845460072119
703,klimontow,snd,snd_klmntw,976,"",21.4518960157239,50.6559576484049
701,jaslo,krk,krk_jsl,928,"",21.46666667,49.75
803,kazanow,snd,snd_kznw,1084,"",21.46666667,51.28333333
703,sienno,snd,snd_snn,993,"",21.4709941275857,51.0850678440196
803,sienno,snd,snd_snn,1095,"",21.4709941275857,51.0850678440196
703,przeclaw,snd,snd_przclw,988,"",21.4792277026127,50.1938329236188
802,kolbiel,maz,maz_klbl,1055,"",21.48333333,52.06666667
703,rzochow,snd,snd_rzchw,991,"",21.4908336710324,50.2408876975438
802,magnuszew,maz,maz_mgnszw,1058,"",21.4,51.76666667
701,zmigrod,krk,krk_zmgrd,955,"",21.5333333333333,49.6
703,baranow,snd,snd_brnw,967,"",21.5414977540724,50.5004085132082
803,kozienice,snd,snd_kznc,1087,"",21.5579433009543,51.5868273248648
802,maciejowice,maz,maz_mcjwc,1057,"",21.55,51.7
401,kamienczyk,maz,maz_kmnczyk,664,"",21.55,52.6
803,ciepelow,snd,snd_cplw,1079,"",21.5666666666667,51.25
802,kobylnica,maz,maz_kbylnc,1054,"",21.5666666666667,51.65
401,minsk_mazowiecki,maz,maz_mnsk_mzwck,666,"",21.56666667,52.18333333
802,minsk_mazowiecki,maz,maz_mnsk_mzwck,1059,"",21.56666667,52.18333333
803,zwolen,snd,snd_zwln,1105,"",21.5753909640079,51.3588170648557
301,goworowo,maz,maz_gwrw,621,"",21.5818773205469,52.894083303342
401,goworowo,maz,maz_gwrw,662,"",21.5818773205469,52.894083303342
401,wolka_brzezinska,maz,maz_wlk_brzznsk,673,"",21.5818773205469,52.894083303342
200,frysztak,snd,snd_frysztk,610,"",21.608879143114,49.8369870766933
200,ropczyce,snd,snd_rpczyc,614,"",21.6094127251689,50.0518921131857
200,wielopole,snd,snd_wlpl,619,"",21.6132339356438,49.9447446076232
401,siennica,maz,maz_snnc,678,"",21.61666667,52.1
802,garwolin,maz,maz_grwln,1050,"",21.63333333,51.9
401,jadow,maz,maz_jdw,676,"",21.63333333,52.46666667
703,ozarow,snd,snd_zrw,1008,"",21.6668804063832,50.8882330453796
703,dzikow,snd,snd_dzkw,971,"",21.6735694930518,50.5736530266283
802,parysow,maz,maz_prysw,1073,"",21.68333333,51.96666667
401,dobre,maz,maz_dbr,675,"",21.68333333,52.33333333
701,dukla,krk,krk_dkl,925,"",21.6860257240549,49.554219626069
401,wasewo,maz,maz_wsw,670,"",21.6957285783508,52.867501221041
802,laskarzew,maz,maz_lskrzw,1071,"",21.6,51.7833333333333
703,tarlow,snd,snd_trlw,998,"",21.7132390454284,51.0009790136628
802,letow,maz,maz_ltw,1072,"",21.7166666666667,51.9166666666667
301,troszyn,maz,maz_trszyn,634,"",21.7333333333333,53.0333333333333
703,sandomierz,snd,snd_sndmrz,992,"",21.7482642326869,50.6802248969709
803,solec_on_vistula,snd,snd_slc_n_vstl,1098,"",21.76666667,51.13333333
703,kolbuszowa,snd,snd_klbszw,977,"",21.7761474438178,50.243292222219
803,stezyca,snd,snd_stzyc,1099,"",21.78333333,51.58333333
200,strzyzow,snd,snd_strzyzw,618,"",21.7865751959357,49.8692737782343
200,sedrzyszow,snd,snd_sdrzyszw,617,"",21.7,50.0666666666667
703,janikow,snd,snd_jnkw,975,"",21.7,50.8666666666667
401,kaluszyn,maz,maz_klszyn,663,"",21.8028486041197,52.2091992195937
803,gniewoszow,snd,snd_gnwszw,1082,"",21.8044863747558,51.4749465140026
803,granica,snd,snd_grnc,1080,"",21.82455180056,51.4686331015864
803,miastkow,snd,snd_mstkw,1089,"",21.8333333333333,51.8833333333333
200,czudec,snd,snd_czdc,609,"",21.838794618623,49.9464065187548
703,zawichost,snd,snd_zwchst,1001,"",21.85,50.8
803,zawichost,snd,snd_zwchst,1104,"",21.85,50.8
301,kleczkowo,maz,maz_klczkw,625,"",21.85,53.05
801,rachow,lbl,lbl_rchw,1026,"",21.8618682913268,50.8851683518799
301,nowogrod,maz,maz_nwgrd,628,"",21.86666667,53.23333333
803,janowiec,snd,snd_jnwc,1083,"",21.8961413933183,51.3228180845571
401,ostrow_mazowiecka,maz,maz_strw_mzwck,667,"",21.8969812839418,52.7984870290779
802,latowicz,maz,maz_ltwcz,1056,"",21.8,52.0333333333333
803,zelechow,snd,snd_zlchw,1108,"",21.9008132375521,51.8057849041063
401,stoczek,maz,maz_stczk,669,"",21.9025828281132,52.5450857101926
801,seroczyn,lbl,lbl_srczyn,1044,"",21.9166666666667,52.0166666666667
803,ryki,snd,snd_ryk,1094,"",21.93333333,51.63333333
803,bobrowniki,snd,snd_bbrwnk,1078,"",21.9360311567662,51.5500981138661
607,bojanow,pzn,pzn_bjnw,866,"",,
801,radomysl,lbl,lbl_rdmysl,1043,"",21.95,50.6833333333333
801,wodynie,lbl,lbl_wdyn,1028,"",21.95,52.0333333333333
200,glogow,snd,snd_glgw,611,"",21.9644452586563,50.1506787422238
401,liw,maz,maz_lw,677,"",21.96666667,52.38333333
801,opole,lbl,lbl_pl,1023,"",21.9797940570869,51.1533763334861
801,wlostowice,lbl,lbl_wlstwc,1029,"",21.9820471501506,51.4046111541266
200,rzeszow,rus,rus_rzszw,616,"",21.9927683044083,50.0333357013252
200,niebylec,snd,snd_nbylc,613,"",21.9,49.86666667
200,tyczyn,rus,rus_tyczyn,620,"",22.0191399570457,49.9625356086967
402,wegrow,pdl,pdl_wgrw,684,"",22.0228060172178,52.3963946953898
900,rozwadow,snd,snd_rzwdw,1115,"",22.0452193378143,50.5914562600578
801,konskowola,lbl,lbl_knskwl,1038,"",22.0601597623997,51.4050063512998
801,zaklikow,lbl,lbl_zklkw,1047,"",22.1003542190583,50.757270668121
1100,izdebki,rus,rus_zdbk,131,"",22.1166666666667,49.75
703,sokolow,snd,snd_sklw,994,"",22.1166666666667,50.2333333333333
402,mokobody,pdl,pdl_mkbdy,685,"",22.1179016452034,52.2692260251658
401,zareby,maz,maz_zrby,671,"",22.1232973219718,52.7491093681494
401,zareby_koscielne,maz,maz_zrby_kscln,672,"",22.1232973219718,52.7491093681494
1100,sokolow,rus,rus_sklw,152,"",22.1300552615046,50.2239557820259
1203,sokolow,rus,lww_sklw,343,"",,
801,wawelnica,lbl,lbl_wwlnc,1046,"",22.15,51.3
402,kosow_lacki,pdl,pdl_ksw_lck,681,"",22.1612071701251,52.5921703265756
301,stawiski,maz,maz_stwsk,632,"",22.165308314201,53.3706577447029
1100,dydnia,rus,rus_dydn,123,"",22.1666666666667,49.6833333333333
801,kurow,lbl,lbl_krw,1019,"",22.1954279453548,51.3963120125894
200,blazow,rus,rus_blzw,608,"",22.1,49.8833333333333
801,krasnik,lbl,lbl_krsnk,1020,"",22.2252944668201,50.910897387666
1100,lancut,rus,rus_lnct,167,"",22.2335999054101,50.0746711669128
1100,dynow,rus,rus_dynw,124,"",22.2387066300105,49.8155331366544
301,zambrow,maz,maz_zmbrw,637,"",22.2438630601394,52.9672827107023
703,rudnik,snd,snd_rdnk,1002,"",22.2505163652582,50.4431765463099
900,ulanow,snd,snd_lnw,1122,"",22.2650551544938,50.4902165091471
803,adamow,snd,snd_dmw,1076,"",22.26666667,51.73333333
402,sokolow_podlaski,pdl,pdl_sklw_pdlsk,686,"",22.2681783895744,52.4094776905297
801,markuszow,lbl,lbl_mrkszw,1041,"",22.272905495957,51.3710193917038
1100,husow,rus,rus_hsw,129,"",22.2833333333333,49.9833333333333
301,szczucin,maz,maz_szczcn,633,"",22.2833333333333,53.5666666666667
803,lysobyki,snd,snd_lysbyk,1106,"",22.2873062038145,51.6042218253958
801,siedlce,lbl,lbl_sdlc,1045,"",22.2915347053797,52.1663468513515
801,belzyce,lbl,lbl_blzyc,1037,"",22.291677484443,51.1745099434198
301,jedwabne,maz,maz_jdwbn,624,"",22.3166532139231,53.2818512690223
1100,jawornik,rus,rus_jwrnk,133,"",22.3166666666667,49.7333333333333
1100,jawornik_ruski,rus,rus_jwrnk_rsk,134,"",22.3166666666667,49.7333333333333
803,wojcieszkow,snd,snd_wjcszkw,1103,"",22.3166666666667,51.7666666666667
502,modliborzyce,lbl,lbl_mdlbrzyc,732,"",22.3306422283973,50.7545039338917
900,modliborzyce,lbl,lbl_mdlbrzyc,1124,"",22.3306422283973,50.7545039338917
401,czyzew,maz,maz_czyzw,661,"",22.3333333333333,52.8
1100,krzeszow,rus,rus_krzszw,137,"",22.3471344669615,50.398190472345
100,jablonka,maz,maz_jblnk,3,"",22.3600769124574,52.9558069811952
100,koscielna_nur,maz,maz_kscln_nr,13,"",22.36666667,52.95
301,wizna,maz,maz_wzn,635,"",22.3817275848938,53.189946972492
302,wiszna,pdl,pdl_wszn,656,"",22.3833333333333,53.2
801,lukow,lbl,lbl_lkw,1035,"",22.3868230230026,51.9345666091139
1100,dubiecko,rus,rus_dbck,122,"",22.3963050095301,49.8205162710256
402,sterdyn,pdl,pdl_strdyn,683,"",22.3,52.58333333
801,janow,lbl,lbl_jnw,1040,"",22.4092552083109,50.7043142975783
1100,polski_kanczuga,rus,rus_plsk_knczg,145,"",22.41666667,49.98333333
1100,lezajsk,rus,rus_lzjsk,139,"",22.4322199159075,50.2482101130387
1100,iskan,rus,rus_skn,130,"",22.4333333333333,49.7833333333333
801,zbuczyn,lbl,lbl_zbczyn,1030,"",22.43333333,52.08333333
801,kock,lbl,lbl_kck,1032,"",22.4528371899905,51.6303175552428
1100,bircza,rus,rus_brcz,115,"",22.4799927762449,49.6827438179612
1300,biercza,rus,prz_brcz,359,"",22.4833333333333,49.7
302,wysokie_mazowieckie,pdl,pdl_wysk_mzwck,657,"",22.4850792625023,52.9227540565595
402,wysokie_mazowieckie,pdl,pdl_wysk_mzwck,687,"",22.4850792625023,52.9227540565595
1100,przeworsk,rus,rus_przwrsk,147,"",22.495735258181,50.0623245222614
402,ciechanowiec,pdl,pdl_cchnwc,680,"",22.4992061780633,52.6742200015964
1100,pruchnik,rus,rus_prchnk,146,"",22.51228709487,49.9065297870308
402,mordy,pdl,pdl_mrdy,682,"",22.5124004121436,52.2124088063868
100,wysokie_mazowieckie,maz,maz_wysk_mzwck,10,"",22.5166666666667,52.9166666666667
1100,krzywcza,rus,rus_krzywcz,138,"",22.5360033562236,49.7969008245707
801,bychawa,lbl,lbl_bychw,1031,"",22.5488080426717,51.0065193132922
603,witkow,kls,kls_wtkw,812,"",,
100,lublin,lbl,lbl_lbln,7,"",22.5717026123729,51.2527987607334
1100,ustrzyki,rus,rus_strzyk,165,"",22.5833333333333,49.4333333333333
100,ciechanowiec,maz,maz_cchnwc,1,"",22.5,52.6833333333333
100,glusk,lbl,lbl_glsk,15,"",22.6028678366868,51.1868019407681
801,glusk,lbl,lbl_glsk,1017,"",22.6028678366868,51.1868019407681
801,radzyn,lbl,lbl_rdzyn,1027,"",22.6072296843265,51.7838108039918
801,lubartow,lbl,lbl_lbrtw,1021,"",22.6124826296956,51.4655024177109
502,sieniawa,rus,rus_snw,737,"",22.6160562422611,50.1691498051277
801,czemierniki,lbl,lbl_czmrnk,1016,"",22.6397032809995,51.6669431418605
302,drohiczyn,pdl,pdl_drhczyn,641,"",22.6421027558106,52.4086554314051
1100,rybotycze,rus,rus_rybtycz,149,"",22.6440835588608,49.6555547118457
1300,rybotycze,rus,prz_rybtycz,362,"",22.6440835588608,49.6555547118457
1100,krasiczyn,rus,rus_krsczyn,168,"",22.6599399449126,49.7709885240422
302,osowiec,pdl,pdl_swc,649,"",22.65,53.5
1100,sosnica,rus,rus_ssnc,153,"",22.6666666666667,49.9666666666667
1100,manasterz,rus,rus_mnstrz,170,"",22.6666666666667,50.1166666666667
900,wysokie,lbl,lbl_wysk,1118,"",22.66666667,50.91666667
302,rajgrod,pdl,pdl_rjgrd,651,"",22.6892578439671,53.7162133761394
302,sokoly,pdl,pdl_skly,653,"",22.7043560929703,52.9909547793715
1100,jaroslaw,rus,rus_jrslw,132,"",22.7153476274968,50.0095083215402
1100,nowosiolki,rus,rus_nwslk,144,"",22.7333333333333,49.6333333333333
502,bilgoraj,lbl,lbl_blgrj,723,"",22.7333333333333,50.5333333333333
900,bilgoray,lbl,lbl_blgry,1110,"",22.7333333333333,50.5333333333333
301,rudka,maz,maz_rdk,629,"",22.7333333333333,52.7166666666667
302,losice,pdl,pdl_lsc,645,"",22.7361404654278,52.2060376386106
302,goniadz,pdl,pdl_gndz,642,"",22.7363522692555,53.4796053466194
502,turobin,rus,rus_trbn,742,"",22.7508986934139,50.8236251878812
900,turobin,rus,rus_trbn,1117,"",22.7508986934139,50.8236251878812
1100,fredropol,rus,rus_frdrpl,126,"",22.75,49.7
1300,fredropol,rus,prz_frdrpl,360,"",22.75,49.7
100,przemysl,rus,rus_przmysl,11,"",22.7720602434326,49.7833567820999
1100,dobromil,rus,rus_dbrml,121,"",22.7820199767628,49.5714563340374
100,miedzyrzecz_podlaski,pdl,pdl_mdzyrzcz_pdlsk,8,"",22.7833333333333,51.9833333333333
302,tykocin,pdl,pdl_tykcn,655,"",22.7912700839357,53.1941224365405
1100,wietlin,rus,rus_wtln,166,"",22.8166666666667,50
1100,radymno,rus,rus_rdymn,148,"",22.83333333,49.95
900,zolkiewka,rus,rus_zlkwk,1127,"",22.8434483253943,50.9052899799149
1100,chyrow,rus,rus_chyrw,118,"",22.8512160134777,49.5356750820732
801,piaski,lbl,lbl_psk,1025,"",22.8564062823966,51.1378969158341
100,siemiatycze,pdl,pdl_smtycz,12,"",22.862653952951,52.4271122417998
302,siemiatycze,pdl,pdl_smtycz,652,"",22.862653952951,52.4271122417998
801,ostrow_lubelski,lbl,lbl_strw_lblsk,1024,"",22.8662968093382,51.4943450664417
1100,nowomiasto,rus,rus_nwmst,143,"",22.8666666666667,49.6166666666667
1100,wyszatyce,rus,rus_wysztyc,163,"",22.8833333333333,49.8333333333333
302,sarnaki,pdl,pdl_srnk,659,"",22.8897636976863,52.3179459894113
801,leczna,lbl,lbl_lczn,1034,"",22.8943731304794,51.2952404274906
801,parczew,lbl,lbl_prczw,1042,"",22.8964602329782,51.6399317717861
1100,tarnawa,rus,rus_trnw,158,"",22.8,49.55
302,knyszyn,pdl,pdl_knyszyn,644,"",22.91666667,53.31666667
1100,szumin,rus,rus_szmn,157,"",22.9333333333333,49.5
1100,medyka,rus,rus_mdyk,141,"",22.9333333333333,49.8
302,suraz,pdl,pdl_srz,654,"",22.95,52.95
1100,starosol,rus,rus_strsl,155,"",22.9666666666667,49.4833333333333
1300,starosol,rus,prz_strsl,365,"",22.9666666666667,49.4833333333333
1100,felsztyn,rus,rus_flsztyn,125,"",22.9666666666667,49.5333333333333
302,augustow,pdl,pdl_gstw,638,"",22.9780204465886,53.8374492809893
502,szczezyn,rus,rus_szczbrszyn,740,"",22.9833333333333,50.7
900,szczebreszyn,rus,rus_szczbrszyn,1126,"",22.9833333333333,50.7
1100,husakow,rus,rus_hskw,128,"",22.9880212636859,49.7159816387095
1300,laszki,rus,prz_lszk,368,"",22.9,50.0166666666667
1100,stary_sambor,rus,rus_stry_smbr,156,"",23.0087818959958,49.4320362635312
1300,stary_sambor,rus,prz_stry_smbr,366,"",23.0087818959958,49.4320362635312
502,gorzkow,lbl,lbl_grzkw,725,"",23.0166666666667,50.95
900,gorzkow,lbl,lbl_grzkw,1120,"",23.0166666666667,50.95
1100,turka_w_gorach,rus,rus_trk_w_grch,159,"",23.03333333,49.15
302,jasionowka,pdl,pdl_jsnwk,643,"",23.0409281097724,53.3938778123214
302,mielnik,pdl,pdl_mlnk,646,"",23.05,52.33333333
302,boczki,pdl,pdl_bczk,640,"",23.05,52.65
501,lubaczow,blz,blz_lbczw,698,"",23.1250406861361,50.1595550632533
302,rososz,pdl,pdl_rssz,660,"",23.1333333333333,51.8666666666667
1100,mosciska,rus,rus_mscsk,142,"",23.1404868823332,49.7926234475512
501,cieszanow,blz,blz_csznw,689,"",23.1417450554359,50.2429694398181
302,niemirow,pdl,pdl_nmrw,647,"",23.153071510976,52.2869645109771
302,bialystok,pdl,pdl_blystk,639,"",23.1567122228573,53.1187646617058
1100,krakowiec,rus,rus_krkwc,135,"",23.1569190174614,49.9576305264845
1100,wielkie_oczy,blz,blz_wlk_czy,161,"",23.1593464476978,50.0134945736297
502,siedliszcze,rus,rus_sdlszcz,736,"",23.1637218418252,51.1939255515011
502,tarnogora,rus,rus_trngr,741,"",23.1654776655647,50.8899379764094
1100,krukienice,rus,rus_krknc,136,"",23.1666666666667,49.6833333333333
1300,krukienice,rus,prz_krknc,361,"",23.1666666666667,49.6833333333333
1100,sambor,rus,rus_smbr,151,"",23.1916205576575,49.5119098625276
1300,sambor,rus,prz_smbr,363,"",23.1916205576575,49.5119098625276
200,krasnobrod,rus,rus_krsnbrd,612,"",,
502,krasnobrod,rus,rus_krsnbrd,727,"",23.2166666666667,50.55
900,krasnobrod,rus,rus_krsnbrd,1113,"",23.2166666666667,50.55
1100,twierza,rus,rus_twrz,164,"",23.2333333333333,49.8
900,zamosc,rus,rus_zmsc,1119,"",23.2542579851682,50.7180934056805
501,narol,blz,blz_nrl,702,"",23.3147428228395,50.3516257630205
302,orly,pdl,pdl_rly,648,"",23.3333333333333,52.7
501,lipsko,blz,blz_lpsk,721,"",23.3485653647849,50.3481498869745
1203,jaworow,rus,lww_jwrw,325,"",23.3664773909695,49.9335770643359
1100,wisznia,rus,rus_wszn,162,"",23.3666666666667,49.7833333333333
502,skierbieszow,rus,rus_skrbszw,738,"",23.3666666666667,50.85
502,krasniczyn,rus,rus_krsnczyn,728,"",23.3771119027443,50.9297891568531
501,niemierow,blz,blz_nmrw,703,"",23.4333333333333,50.1
501,komorow,blz,blz_kmrw,694,"",23.4666666666667,50.6166666666667
502,chelm,rus,rus_chlm,724,"",23.474799012592,51.1332146271815
501,potok,blz,blz_ptk,705,"",23.5393324686056,50.3095815977395
502,wojslawice,rus,rus_wjslwc,743,"",23.552095628596,50.9273672934201
501,grabowiec,blz,blz_grbwc,692,"",23.5547737664318,50.8292112195087
501,potylicz,blz,blz_ptylcz,719,"",23.55,50.2
501,rachanie,blz,blz_rchn,707,"",23.55,50.5333333333333
501,rawa_ruska,blz,blz_rw_rsk,709,"",23.6213278009305,50.2303176668933
501,przewale,blz,blz_przwl,706,"",23.6333333333333,50.6166666666667
502,uchanie,rus,rus_chn,745,"",23.6592908853506,50.9029127795118
1203,komarno,rus,lww_kmrn,328,"",23.6875534425943,49.6304099838989
501,tyszowce,blz,blz_tyszwc,714,"",23.7058841553443,50.6227441449671
900,laszczow,blz,blz_lszczw,1121,"",23.7107938798568,50.5240292467359
502,opalin,rus,rus_pln,733,"",23.7123776578962,51.2919776341083
501,uhnow,blz,blz_hnw,715,"",23.7598911177874,50.3624009809213
1100,zulin,rus,rus_zln,171,"",23.7666666666667,49.1833333333333
1203,szczerzec,rus,lww_szczrzc,348,"",23.848034317391,49.6500652172344
1203,bolechow,rus,lww_blchw,317,"",23.8585697958239,49.0535679630246
501,dubienka,blz,blz_dbnk,691,"",23.8873304884389,51.0533168382045
1203,nawarya,rus,lww_nwry,334,"",23.9333333333333,49.75
501,lubela,blz,blz_lbl,699,"",23.95,50.2
1203,mikolajow,rus,lww_mkljw,333,"",23.9833333333333,49.5333333333333
1203,zolkiew,rus,lww_zlkw,357,"",23.9864315780325,50.0677191063534
502,hrubieszow,rus,rus_hrbszw,744,"",23.9,50.8
501,belz,blz,blz_blz,688,"",24.003847421274,50.3816143620553
501,korytnica,blz,blz_krytnc,695,"",24.0072394247488,50.9491600182676
1203,dolina,rus,lww_dln,318,"",24.0103630237654,48.962179218136
501,horodlo,blz,blz_hrdl,693,"",24.0333333333333,50.9
1203,lwow,rus,lww_lww,332,"",24.0349130375792,49.8406207795665
1203,rozdol,rus,lww_rzdl,340,"",24.0576334202946,49.4640261877296
1203,kulikow,rus,lww_klkw,331,"",24.0729247177645,49.9694255297011
501,warez,blz,blz_wrz,716,"",24.0862293643083,50.5124733075963
1203,winniki,rus,lww_wnnk,349,"",24.1166666666667,49.8166666666667
1203,rozniatow,rus,lww_rzntw,341,"",24.1517750789478,48.9369373621803
1203,zydaczow,rus,lww_zydczw,356,"",24.1555238263846,49.3755978904523
1408,uscilug,wol,wol_sclg,600,"",24.1584006280539,50.8640470329804
1203,brzozdowce,rus,lww_brzzdwc,315,"",24.1669562823142,49.4616991272277
1203,wybranowka,rus,lww_wybrnwk,354,"",24.2056382577849,49.5600576259373
1000,dωwinogrod,pod,pod_dωwngrd,30,"",24.25,49.73333333
1203,kukizow,rus,lww_kkzw,330,"",24.2607649238187,49.9373049627901
502,holeszow,rus,rus_hlszw,726,"",24.2666666666667,49.3
1203,zurawno,rus,lww_zrwn,358,"",24.2855680158447,49.2536599226656
501,sokal,blz,blz_skl,722,"",24.2897495683034,50.4906821376766
1408,wlodzimierz,wol,wol_wldzmrz,601,"",24.3073160650718,50.8524309444856
1203,bobrka,rus,lww_bbrk,353,"",24.30853036385,49.6415047417087
1203,chodorow,rus,lww_chdrw,316,"",24.3202226483031,49.4122258216027
502,maciejow,rus,rus_mcjw,731,"",24.3491611179975,51.2245944768592
1000,kalusz,pod,pod_klsz,44,"",24.3666666666667,49.0333333333333
1202,kalusz,rus,hlc_klsz,264,"",24.3748590363421,49.0139183035606
501,dobrotwor,blz,blz_dbrtwr,690,"",24.3833333333333,50.2
501,tartakow,blz,blz_trtkw,712,"",24.3973966174658,50.4567450697687
1203,jaryczow,rus,lww_jryczw,324,"",24.3,49.9
1203,strzeliska,rus,lww_strzlsk,346,"",24.402848127743,49.5139818294366
1203,swierz,rus,lww_swrz,347,"",24.4333333333333,49.65
502,swierz,rus,rus_swrz,739,"",24.4333333333333,49.65
1401,wyzwa,wol,wol_wyzw,378,"",24.4333333333333,51.4333333333333
1202,solotwina,rus,hlc_sltwn,289,"",24.4365220360386,48.6983706605418
1408,poryck,wol,wol_pryck,592,"",24.4531193892141,50.6219553864874
1406,kulczyn,wol,wol_klczyn,543,"",24.4666666666667,51.1
1203,zurow,rus,lww_zrw,355,"",24.4706309005344,49.3025281923083
501,witkow,blz,blz_wtkw,717,"",24.4882238157869,50.3052785790103
1202,wojnilow,rus,hlc_wjnlw,302,"",24.4898404829322,49.1176927191802
1203,gliniany,rus,lww_glnny,320,"",24.5286051465668,49.8169650992427
502,ratno,rus,rus_rtn,734,"",24.531656249436,51.6611552518694
1202,bohorodczany,rus,hlc_bhrdczny,247,"",24.5389368062523,48.808608313829
1408,turzysk,wol,wol_trzysk,605,"",24.5427875925651,51.0994574704276
1203,przemysliany,rus,lww_przmyslny,339,"",24.55,49.6666666666667
1202,martynow,rus,hlc_mrtynw,272,"",24.5636766381681,49.2188789147777
1202,nadworna,rus,hlc_ndwrn,278,"",24.5705987477066,48.6306782965941
1202,delatyn,rus,hlc_dltyn,256,"",24.6166666666667,48.5333333333333
1202,lysiec,rus,hlc_lysc,308,"",24.6166666666667,48.8666666666667
501,busk,blz,blz_bsk,718,"",24.6166666666667,49.9666666666667
1202,rohatyn,rus,hlc_rhtyn,286,"",24.6324716095947,49.4066408771173
1408,lokacze,wol,wol_lkcz,604,"",24.632923048569,50.7341435838205
1202,bursztyn,rus,hlc_brsztyn,252,"",24.6384592929678,49.2571511312529
501,radziechow,blz,blz_rdzchw,708,"",24.650815714149,50.2774144609958
501,stojanow,blz,blz_stjnw,710,"",24.6524976990533,50.3731527139266
1408,druszkopol,wol,wol_drszkpl,583,"",24.6833333333333,50.4333333333333
1202,stanislawow,rus,hlc_stnslww,290,"",24.7029830495295,48.9125403005606
1300,stanislawow,rus,prz_stnslww,364,"",24.7029830495295,48.9125403005606
1203,gologory,rus,lww_glgry,321,"",24.7041813367782,49.7460936085389
1401,kowel,wol,wol_kwl,372,"",24.7115008603188,51.2075745997114
1408,ozdiutycze,wol,wol_zdtycz,591,"",24.7166666666667,50.85
501,toporow,blz,blz_tprw,713,"",24.7333333333333,50.1166666666667
1408,swiniuchy,wol,wol_swnchy,598,"",24.7499719888403,50.6310218286807
1202,halicz,rus,hlc_hlcz,258,"",24.7533230461832,49.1033340564261
1408,horochow,wol,wol_hrchw,585,"",24.7597846983461,50.5010182121339
1203,narajow,rus,lww_nrjw,352,"",24.7754747480093,49.5313078519911
1202,jezupol,rus,hlc_jzpl,262,"",24.7815541775179,49.030883353541
1408,kisielin,wol,wol_ksln,588,"",24.7827996063281,50.8467081240406
1202,stratyn,rus,hlc_strtyn,291,"",24.7,49.4666666666667
1203,dunajow,rus,lww_dnjw,319,"",24.8258283397142,49.6133934666182
1203,bialykamien,rus,lww_blykmn,311,"",24.8333333333333,49.9
1203,bialykamien_bobrka,rus,lww_blykmn_bbrk,312,"",24.83333333,49.9
1401,niesuchojeze,wol,wol_nschjz,376,"",24.836420470039,51.3791323582925
1202,otynia,rus,hlc_tyn,281,"",24.85,48.7333333333333
1202,tysmenica,rus,hlc_tysmnc,297,"",24.85,48.9
1202,maryampol,rus,hlc_mrympl,274,"",24.85,49.0333333333333
1203,olesko,rus,lww_lsk,335,"",24.8748591681089,49.9649872990441
1203,zloczow,rus,lww_zlczw,351,"",24.8879062245419,49.8139626973594
1203,podwysokie,rus,lww_pdwysk,337,"",24.8,49.4
1202,horozanka,rus,hlc_hrznk,260,"",24.9166666666667,49.15
1408,bludow,wol,wol_bldw,584,"",24.9166666666667,50.6
1100,stanislawczyk,rus,rus_stnslwczyk,154,"",24.9204940009383,50.1631001278898
1203,stanislawczyk,rus,lww_stnslwczyk,345,"",24.9204940009383,50.1631001278898
1203,sasow,rus,lww_ssw,342,"",24.9372180200243,49.8731741874722
1203,brzezany,rus,lww_brzzny,314,"",24.9450128766262,49.449226082865
1203,pomorzany,rus,lww_pmrzny,338,"",24.9475137266137,49.6274577587889
1202,stupczate,rus,hlc_stpczt,293,"",24.9630461143333,48.4075681023789
1202,uscie,rus,hlc_sc,299,"",24.9666666666667,49.0333333333333
1408,torczyn,wol,wol_trczyn,599,"",24.9790121992021,50.7603843869013
1408,lobaczowka,wol,wol_lbczwk,602,"",24.9833333333333,50.4166666666667
1202,zawalow,rus,hlc_zwlw,305,"",25.0193957216299,49.2075068941877
1202,tlumacz,rus,hlc_tlmcz,298,"",25.0246329567424,48.8685346957074
501,szczurowice,blz,blz_szczrwc,711,"",25.0333333333333,50.2666666666667
1202,kolomyja,rus,hlc_klmyj,268,"",25.0412777077861,48.5351097772064
1408,stremilche,blz,blz_strmlch,597,"",25.05,50.3333333333333
1000,mikitynce,pod,pod_mktync,61,"",25.0666666666667,48.4
1408,lesniow,wol,wol_lsnw,589,"",25.0833333333333,50.2333333333333
1403,mielnica,wol,wol_mlnc,429,"",25.0897171033436,51.1474013674258
1202,kosow,rus,hlc_ksw,270,"",25.0984845776194,48.3253174774479
1202,nizniow,rus,hlc_nznw,279,"",25.1151486622881,48.9480726380447
1202,podhajce,rus,hlc_pdhjc,283,"",25.127734045462,49.2678300974148
1203,zborow,rus,lww_zbrw,350,"",25.1334467062661,49.6625951976747
1203,kozowa,rus,lww_kzw,329,"",25.1388008640343,49.4321064906891
1203,brody,rus,lww_brdy,313,"",25.1398384784093,50.0903413847266
1202,obertyn,rus,hlc_brtyn,280,"",25.1718977664166,48.7001401656673
1202,monasterzyska,rus,hlc_mnstrzysk,277,"",25.1801270737996,49.097857454165
1202,kuty,rus,hlc_kty,273,"",25.1833333333333,48.2666666666667
1408,stobuchwa,wol,wol_stbchw,595,"",25.1833333333333,51.4
1406,hulewiczow,wol,wol_hlwczw,535,"",25.2193224623243,51.2578913785683
1403,janowka,wol,wol_jnwk,414,"",25.2590281513494,51.0923894629769
1402,radziwilow,wol,wol_rdzwlw,392,"",25.25,50.1333333333333
1202,barysz,rus,hlc_brysz,243,"",25.2666666666667,49.0333333333333
1202,zablotow,rus,hlc_zbltw,303,"",25.2800288279972,48.4609054638133
1403,trojanowka,wol,wol_trjnwk,426,"",25.2833333333333,51.3333333333333
1201,sieliszcza,brc,kij_slszcz,220,"",25.28333333,48.58333333
1202,gwoωdziec,rus,hlc_gwωdzc,257,"",25.28333333,48.58333333
1408,boromel,wol,wol_brml,603,"",25.2,50.4666666666667
1202,kulaczkowce,rus,hlc_klczkwc,271,"",25.3083461746369,48.5569863674305
1402,krupiec,wol,wol_krpc,408,"",25.3131345401382,50.1572367497069
1202,podkamien,rus,hlc_pdkmn,284,"",25.3189246883268,49.9428889324104
1203,podkamien,rus,lww_pdkmn,336,"",25.3189246883268,49.9428889324104
1403,kaszowka,wol,wol_kszwk,415,"",25.3227070847967,51.1609212424157
1408,sokol,wol,wol_skl,594,"",25.33333333,51.05
1403,luck,wol,wol_lck,428,"",25.3407845331747,50.7582696158609
1202,kupczynce,rus,hlc_kpczync,269,"",25.35,49.45
1403,wisienki,wol,wol_wsnk,427,"",25.35,50.9833333333333
1408,michalowka,wol,wol_mchlwk,590,"",25.3637319308506,50.1528039239754
1202,wisniowczyk,rus,hlc_wsnwczyk,300,"",25.3666666666667,49.2333333333333
1202,buczacz,rus,hlc_bczcz,249,"",25.3748517635572,49.0569249549936
1202,zlotniki,rus,hlc_zltnk,306,"",25.3833333333333,49.2833333333333
1000,zaleszcze,pod,pod_zlszcz,106,"",25.3833333333333,49.8
1403,targowica,wol,wol_trgwc,425,"",25.4029449083155,50.5561910313742
1201,raszkow,brc,kij_rszkw,217,"",25.4166666666667,48.7333333333333
1202,czernelica,rus,hlc_czrnlc,254,"",25.4333333333333,48.8166666666667
1000,jazlowiec,pod,pod_jzlwc,41,"",25.4333333333333,49
1402,kozin,wol,wol_kzn,383,"",25.453542299028,50.2628185894661
1406,kozin,wol,wol_kzn,540,"",25.453542299028,50.2628185894661
1405,czerniechow,brc,kij_czrnchw,458,"",25.45,49.6833333333333
1202,horodenka,rus,hlc_hrdnk,259,"",25.4878415392055,48.6804103695425
1403,ostrozec,wol,wol_strzc,423,"",25.550309808035,50.6629818243413
1202,michalcze,rus,hlc_mchlcz,275,"",25.55,48.7833333333333
1402,oleksyniec,wol,wol_lksync,387,"",25.55,49.8333333333333
1406,bialogrodka,wol,wol_blgrdk,527,"",25.55,50.3166666666667
1403,okonsk,wol,wol_knsk,422,"",25.55,51.25
1202,sniatyn,rus,hlc_sntyn,288,"",25.5666666666667,48.45
607,czlop,pzn,pzn_czlp,870,"",,
801,biskupce,lbl,lbl_bskpc,1015,"",,
1403,morawica,wol,wol_mrwc,421,"",25.5833333333333,50.5166666666667
1000,czerwonogrod,pod,pod_czrwngrd,27,"",25.5883953711223,48.7970831827642
1202,tarnopol,rus,hlc_trnpl,295,"",25.5912056931086,49.5592747346345
1402,werba,wol,wol_wrb,397,"",25.6072318724741,50.2745051290501
1202,mikulince,rus,hlc_mklnc,276,"",25.6211920366437,49.3866642018069
1202,strusow,rus,hlc_strsw,292,"",25.6224067068419,49.3494786316431
1403,kolki,wol,wol_klk,418,"",25.6771076572093,51.0980518912497
1202,biloboznica,rus,hlc_blbznc,246,"",25.6833333333333,49.05
1202,trembowla,rus,hlc_trmbwl,301,"",25.7025749597079,49.2940958692724
1202,baworow,rus,hlc_bwrw,244,"",25.7166666666667,49.45
1401,dubno,wol,wol_dbn,370,"",25.7172811969365,50.4240122390242
1202,budzanow,rus,hlc_bdznw,250,"",25.7198215685299,49.1611708042141
1402,krzemieniec,wol,wol_krzmnc,384,"",25.727400675079,50.0959831627669
1202,towste,rus,hlc_twst,296,"",25.7333333333333,48.85
1000,tluste,pod,pod_tlst,97,"",25.7368977000694,48.8518484148717
1000,jagielnica,pod,pod_jglnc,36,"",25.7452549737826,48.946831863226
1402,wisniowiec,wol,wol_wsnwc,398,"",25.75,49.9
1402,zbaraz,wol,wol_zbrz,402,"",25.7792442275492,49.6762540754747
1402,horynka,wol,wol_hrynk,406,"",25.7837510306115,49.9860074810875
1401,olyka,wol,wol_lyk,377,"",25.8127837717377,50.7065041092544
1202,suchostaw,rus,hlc_schstw,294,"",25.8590199101616,49.1611708042141
1000,kasperowce,pod,pod_ksprwc,46,"",25.8598102478508,48.662106294711
1403,rafalowka,wol,wol_rflwk,424,"",25.8666666666667,51.3666666666667
1403,czartorysk,wol,wol_czrtrysk,410,"",25.8732231628744,51.2244816245351
1000,bilcze,pod,pod_blcz,19,"",25.8833333333333,48.7833333333333
1202,czortkow,rus,hlc_czrtkw,255,"",25.8,49.0166666666667
1202,kopyczynce,rus,hlc_kpyczync,266,"",25.9166666666667,49.1
1202,chorostkow,rus,hlc_chrstkw,253,"",25.9166666666667,49.2
1000,jezierzany,pod,pod_jzrzny,42,"",25.9537194380546,48.8783504826931
1000,kolendziany,pod,pod_klndzny,48,"",25.95,48.9666666666667
1202,skalat,rus,hlc_sklt,287,"",25.9685877987634,49.4341351417527
1402,wyzgrodek,wol,wol_wyzgrdk,400,"",25.9722719308116,49.7760388944262
1403,klewan,wol,wol_klwn,417,"",25.9778577575319,50.7383398545835
1401,warkowicze,wol,wol_wrkwcz,379,"",25.9936694422982,50.468743476246
1406,warkowicze,wol,wol_wrkwcz,561,"",25.9936694422982,50.468743476246
1202,zarwanica,rus,hlc_zrwnc,304,"",25,49.7666666666667
1202,grzymalow,rus,hlc_grzymlw,309,"",26.0238553058215,49.3344461680464
1408,jeziorzany,wol,wol_jzrzny,587,"",26.0333333333333,50.45
1000,borszczow,pod,pod_brszczw,21,"",26.0446154992621,48.7971335771734
1406,derazna,wol,wol_drzn,530,"",26.05,50.8666666666667
1402,lanowce,wol,wol_lnwc,386,"",26.0737278348844,49.8538397548952
1402,rochmanow,wol,wol_rchmnw,393,"",26.0833333333333,50.1333333333333
1402,szumsk,wol,wol_szmsk,394,"",26.1264422341505,50.1243188079118
1406,szumsk,wol,wol_szmsk,557,"",26.1264422341505,50.1243188079118
1000,sidorow,pod,pod_sdrw,81,"",26.1549004442975,49.0109341390287
1406,wlodzimirzec,wol,wol_wldzmrzc,562,"",26.15,51.4166666666667
1403,grodek,wol,wol_grdk,413,"",26.1833333333333,50.6833333333333
1000,husiatyn,pod,pod_hstyn,35,"",26.1898681442441,49.0705031959831
1000,skala,pod,pod_skl,82,"",26.1952719535816,48.8449278881399
1000,krzywcza,pod,pod_krzywcz,51,"",26.1,48.7
1406,derman,wol,wol_drmn,531,"",26.2166666666667,50.3833333333333
1000,wierzbowka,pod,pod_wrzbwk,104,"",26.2333333333333,48.75
1402,jampol,wol,wol_jmpl,381,"",26.2363451004231,49.951793850072
1000,satanow,pod,pod_stnw,78,"",26.2570355829167,49.256210001541
1406,rowno,wol,wol_rwn,552,"",26.2624680797275,50.6105938879652
1000,czarnokozince,pod,pod_czrnkznc,23,"",26.283657073509,48.6574271320851
1406,stepan,wol,wol_stpn,555,"",26.299894067448,51.1317598532733
1406,aleksandryja,wol,wol_lksndryj,521,"",26.35,50.7333333333333
1406,kuniow,wol,wol_knw,544,"",26.3784428445861,50.2379804967259
1402,lachowce,wol,wol_lchwc,385,"",26.4022078177175,49.9927387149213
1000,orynin,pod,pod_rynn,70,"",26.411212872189,48.7500077187815
1401,michnowka,wol,wol_mchnwk,373,"",26.45,49.8166666666667
1406,bereznica,wol,wol_brznc,525,"",26.4647958186845,51.4318120266411
1402,bazalia,wol,wol_bzl,380,"",26.4805463729352,49.7113979121374
1406,krupa,wol,wol_krp,542,"",26.5002758147272,50.6516982682608
1000,czercze,pod,pod_czrcz,26,"",26.5239614208908,48.8601084646789
1406,ostrog,wol,wol_strg,551,"",26.5265492856806,50.3295195120305
1000,okop,pod,pod_kp,68,"",26.5333333333333,49.9666666666667
1402,kornica,wol,wol_krnc,382,"",26.5333333333333,50.05
1000,smotrycz,pod,pod_smtrycz,83,"",26.5419864756668,48.9487410006871
1000,grodek,pod,pod_grdk,33,"",26.5615283908293,49.1625405022417
1000,kupin,pod,pod_kpn,53,"",26.5757065488601,49.1005339327516
1406,tuczyn,wol,wol_tczyn,559,"",26.5780693025542,50.6903847439389
1000,kamieniec_podolski,pod,pod_kmnc_pdlsk,45,"",26.5833333333333,48.6833333333333
1000,zwaniec,pod,pod_zwnc,112,"",26.5,48.55
1408,milatyn,wol,wol_mltyn,606,"",26.6265895480614,50.4439433438887
1000,balin,pod,pod_bln,17,"",26.6605581479981,48.8780831610185
1406,hoszcza,wol,wol_hszcz,533,"",26.6768278376889,50.5939696558528
1000,makow,pod,pod_mkw,111,"",26.6880852450822,48.7902836831939
1000,szatawa,pod,pod_sztw,94,"",26.7065941063316,48.7680695783116
1406,berezno,wol,wol_brzn,526,"",26.7428382392154,50.99111756199
1000,franpol,pod,pod_frnpl,31,"",26.7593474435436,49.0912989117446
1000,czarnoostrow,pod,pod_czrnstrw,24,"",26.76086653245,49.5060832846021
1402,czarnoostrow,pod,pod_czrnstrw,403,"",26.76086653245,49.5060832846021
1000,sawince,pod,pod_swnc,79,"",26.7997855179463,49.0814533904746
1000,kitajgrod,pod,pod_ktjgrd,47,"",26.8023486666688,48.6368074298325
1201,kitajgrod,pod,pod_ktjgrd,197,"",26.8023486666688,48.6368074298325
1406,zaslaw,wol,wol_zslw,563,"",26.8123189823602,50.1183474454349
1000,mikolajow,pod,pod_mkljw,62,"",26.8477921399581,49.5741585825679
100,miedzyrzecz_korecki,wol,wol_mdzyrzcz_krck,14,"",26.86666667,50.65
1401,miedzyrzecz_korecki,wol,wol_mdzyrzcz_krck,374,"",26.86666667,50.65
1406,slawuta,wol,wol_slwt,558,"",26.8808257408614,50.2981203542716
1000,salicha,pod,pod_slch,76,"",26.8833333333333,49.8666666666667
1406,annopol,wol,wol_nnpl,522,"",26.8945270918422,50.454936650979
1000,sudkowce,pod,pod_sdkwc,91,"",26.9166666666667,49.1833333333333
1406,krasylow,wol,wol_krsylw,541,"",26.9666666666667,49.65
1000,szarawka,pod,pod_szrwk,92,"",26.9801216083181,49.2139927623949
1000,tatarzyska,pod,pod_ttrzysk,96,"",26.9,48.9833333333333
1406,szepetowka,wol,wol_szptwk,560,"",27.0467327614568,50.1770148655051
1403,kilikiew,wol,wol_klkw,416,"",27.05,50.5333333333333
1406,gupkow,wol,wol_gpkw,532,"",27.05,50.8333333333333
1000,zinkow,pod,pod_znkw,109,"",27.0737578551854,49.0927358718654
1201,zinkow,pod,pod_znkw,238,"",27.0737578551854,49.0927358718654
1000,sokolec,pod,pod_sklc,87,"",27.0774297285751,48.7371966417511
1000,uszyca,pod,pod_szyc,100,"",27.0833333333333,48.6
1406,kuzmin,wol,wol_kzmn,545,"",27.0864246386942,49.6942266152401
1000,minkowce,pod,pod_mnkwc,63,Mynkivtsi,27.1134944503114,48.8504159234821
1406,berezdow,wol,wol_brzdw,524,"",27.1198710185165,50.4584659134786
1406,korzec,wol,wol_krzc,539,"",27.1292848535212,50.6065737602135
1406,sudylkow,wol,wol_sdylkw,556,"",27.1300089948138,50.1696325432066
1000,michalpol,pod,pod_mchlpl,59,"",27.1394843317541,49.2436773806912
1406,lubomirka,wol,wol_lbmrk,569,"",27.1666666666667,50.75
1405,rokitna,brc,kij_rktn,499,"",27.21666667,51.28333333
1000,wonkowce,pod,pod_wnkwc,105,"",27.2237433990833,49.0300187921068
1406,hrycow,wol,wol_hrycw,534,"",27.2265085616139,49.9631111837887
1000,letniowce,pod,pod_ltnwc,57,"",27.2781673285881,48.8300364526266
1000,olchowiec,pod,pod_lchwc,69,"",27.3633924845133,48.6881049715231
1000,zamiechow,pod,pod_zmchw,107,"",27.3666279663849,48.8540389403032
1402,labun,wol,wol_lbn,405,"",27.3675272938102,50.0099898167561
1406,labun,wol,wol_lbn,565,"",27.3675272938102,50.0099898167561
1000,miedzyborz,pod,pod_mdzybrz,60,"",27.3895682765039,49.4387889992553
1000,deraznia,pod,pod_drzn,28,"",27.4095626882433,49.2841503182117
1000,wierzbowiec,pod,pod_wrzbwc,102,"",27.4299113447288,48.7168171708956
1000,pilawa,pod,pod_plw,73,"",27.45,49.6
1000,bachtyn,pod,pod_bchtyn,16,"",27.4833333333333,48.8166666666667
1000,snitowka,pod,pod_sntwk,85,"",27.5034472424196,49.3334331663167
1406,polonne,wol,wol_plnn,553,"",27.5195969364713,50.1174948899498
1406,ostropol,wol,wol_strpl,550,"",27.55,49.8166666666667
1201,terlowka,brc,kij_trlwk,226,"",27.5666666666667,49.35
1403,derewicz,wol,wol_drwcz,412,"",27.5833333333333,49.9666666666667
1000,stara_sieniawa,pod,pod_str_snw,89,"",27.6067998661148,49.5979157693691
1406,zwiahel,wol,wol_zwhl,564,"",27.6108387222478,50.5867337683617
1000,latyczew,pod,pod_ltyczw,56,"",27.6261175434232,49.3843308586413
1000,jaryszow,pod,pod_jryszw,40,"",27.6314884267825,48.516039231793
1000,snidkow,pod,pod_sndkw,84,"",27.6333333333333,48.8166666666667
1000,snydkow,pod,pod_snydkw,86,"",27.6333333333333,48.8166666666667
1405,olewsk,brc,kij_lwsk,490,"",27.65,51.2166666666667
1406,baranowka,wol,wol_brnwk,523,"",27.6723907213242,50.2974390027213
1000,bar,pod,pod_br,18,"",27.687441853947,49.0795898090702
1406,lubar,wol,wol_lbr,568,"",27.7313520677126,49.9150645968052
1000,nowy_konstantynow,pod,pod_nwy_knstntynw,67,"",27.7333333333333,49.4833333333333
302,konstantynow,pdl,pdl_knstntynw,658,"",,
1000,ozarzynce,pod,pod_zrzync,71,"",27.788517159541,48.5388364606765
1000,kopajgrod,pod,pod_kpjgrd,49,"",27.7994046227236,48.8567562031438
1405,miropol,brc,kij_mrpl,485,"",27.7,50.1
1000,luczyniec,pod,pod_lczync,110,"",27.8239014146597,48.7131941540745
1405,medwedowka,brc,kij_mdwdwk,482,"",27.8833333333333,49.4333333333333
1201,chmielnik,brc,kij_chmlnk,179,"",27.95,49.55
1000,jaruha,pod,pod_jrh,39,"",28.05,48.3333333333333
1405,krasnopol,brc,kij_krsnpl,478,"",28.05,49.8333333333333
1201,lityn,brc,kij_ltyn,207,"",28.0737794326512,49.3336568160142
1000,lityn,pod,pod_ltyn,58,"",28.0833333333333,49.3333333333333
1000,szarogrod,pod,pod_szrgrd,93,"",28.0916649585137,48.7389628625526
1405,cudnow,brc,kij_cdnw,454,"",28.1166666666667,50.05
1201,brailow,brc,kij_brlw,176,"",28.1495736322789,49.1189899552346
1201,uladowka,pod,pod_ldwk,234,"",28.2333333333333,49.5
1404,pikow,brc,brc_pkw,433,"",28.2578510603185,49.5694818067427
1405,rozow,brc,kij_rzw,500,"",28.2833333333333,48.2333333333333
1000,pikow,pod,pod_pkw,72,"",28.2833333333333,49.5666666666667
1201,cekinowka,brc,kij_cknwk,177,"",28.3166666666667,48.15
1201,woroszylowka,brc,kij_wrszylwk,236,"",28.3404125988615,49.0374429958322
1000,janow,pod,pod_jnw,37,"",28.35,49.4833333333333
1405,piatka,brc,kij_ptk,493,"",28.3666666666667,50.0166666666667
1201,kolumnow,brc,kij_klmnw,200,"",28.3844003036091,49.3918416733733
1201,krasne,brc,kij_krsn,206,"",28.4060001247807,48.9102824563786
1000,studenica,pod,pod_stdnc,90,"",28.4166666666667,49.1333333333333
1201,winnica,brc,kij_wnnc,233,"",28.4453063565441,49.2190502787917
1404,winnica,brc,brc_wnnc,437,"",28.4453063565441,49.2190502787917
1405,uszomier,brc,kij_szmr,511,"",28.4666666666667,50.8666666666667
1407,wieledniki,brc,kij_wldnk,577,"",28.4666666666667,51.3166666666667
1201,strzyzawka,brc,kij_strzyzwk,223,"",28.468315310115,49.3014788264923
1404,strzyzawka,brc,brc_strzyzwk,434,"",28.468315310115,49.3014788264923
1407,luhyny,brc,kij_lhyny,579,"",28.4,51.0833333333333
1405,wilsk,brc,kij_wlsk,513,"",28.5166666666667,50.3833333333333
1201,tomaszpol,brc,kij_tmszpl,227,"",28.524229359565,48.5461841977478
1201,tywrow,brc,kij_tywrw,231,"",28.5244842256295,49.0061465955078
1405,trojanow,brc,kij_trjnw,510,"",28.5333333333333,50.1166666666667
1201,markowka,brc,kij_mrkwk,208,"",28.6166666666667,49.0833333333333
1000,kalukow,pod,pod_klkw,43,"",28.6333333333333,48.9833333333333
1201,woronowica,brc,kij_wrnwc,235,"",28.6833333333333,49.1166666666667
1405,zytomierz,brc,kij_zytmrz,520,"",28.6833333333333,50.2666666666667
1201,miastkowka,brc,kij_mstkwk,209,"",28.6984250967567,48.3706534511778
1201,pieczara,brc,kij_pczr,214,"",28.7166666666667,48.85
1201,przyluka,brc,kij_przylk,215,"",28.7281811365107,49.3883153183818
1201,kuznica,brc,kij_kznc,204,"",28.7333333333333,48.4333333333333
1201,kochanowka,brc,kij_kchnwk,198,"",28.7430692832033,49.2789983136466
1202,kamionka,rus,hlc_kmnk,265,"",,
1203,kamionka,"",lww_kmnk,326,"",,
1405,kamionka,brc,kij_kmnk,471,"",28.7,48.0333333333333
801,kamionka,lbl,lbl_kmnk,1036,"",,
1405,kodnia,brc,kij_kdn,473,"",28.7,50.0833333333333
1405,leszczyn,brc,kij_lszczyn,481,"",28.8333333333333,50.15
1201,tulczyn,brc,kij_tlczyn,229,"",28.8586292078969,48.6639806931607
1407,owrucz,brc,kij_wrcz,575,"",28.8,51.3166666666667
1201,braclaw,brc,kij_brclw,175,"",28.9250894287188,48.8222842841435
1405,kotelnia,brc,kij_ktln,477,"",28.9666666666667,50.1166666666667
1405,wernyhorodok,brc,kij_wrnyhrdk,512,"",28.9,49.7833333333333
1000,podole,pod,pod_pdl,77,"",28,48.8333333333333
1405,bilylowka,brc,kij_blylwk,442,"",29.0166666666667,49.6833333333333
1405,biylowka,brc,kij_bylwk,443,"",29.0166666666667,49.6833333333333
1405,iwnica,brc,kij_wnc,467,"",29.05,50.15
1405,czajkowka,brc,kij_czjkwk,455,"",29.05,50.5333333333333
1201,lipowiec,brc,kij_lpwc,242,"",29.0602498441165,49.2179710240081
1404,lipowiec,brc,brc_lpwc,432,"",29.0602498441165,49.2179710240081
1407,narodycze,brc,kij_nrdycz,580,"",29.0833333333333,51.2
1201,zorniszcza,brc,kij_zrnszcz,239,"",29.083440719742,49.056253268457
1201,jahorlik,brc,kij_jhrlk,192,"",29.15,47.3666666666667
1405,bystryk,brc,kij_bystryk,450,"",29.15,49.7333333333333
1405,ksawerow,brc,kij_kswrw,480,"",29.15,50.9666666666667
1201,zwierzchowka,brc,kij_zwrzchwk,240,"",29.1745333583559,48.4433278352367
1201,kruty,brc,kij_krty,201,"",29.2105845354031,47.9417938099241
1405,ruzyn,brc,kij_rzyn,501,"",29.2166666666667,49.7166666666667
1201,ilince,brc,kij_lnc,191,"",29.2253143105871,49.1069011372157
1201,trostianiec,brc,kij_trstnc,228,"",29.2333333333333,48.5166666666667
1405,radomysl,brc,kij_rdmysl,497,"",29.2333333333333,50.5
1201,obodowka,brc,kij_bdwk,213,"",29.2361350935378,48.4170354002797
1201,ladyzyn,brc,kij_ldyzyn,241,"",29.2571324292044,48.6814890613505
1405,pohrebyszcze,brc,kij_phrbyszcz,494,"",29.2666666666667,49.4833333333333
1201,kalnik,brc,kij_klnk,196,"",29.3833333333333,49.0333333333333
1405,chabnoje,brc,kij_chbnj,452,"",29.3833333333333,51.2333333333333
1405,chodarkow,brc,kij_chdrkw,453,"",29.3,50.1
1201,daszow,brc,kij_dszw,183,"",29.412887567286,49.0082710774274
1201,dziunkow,brc,kij_dznkw,184,"",29.4410383064258,49.4538982937316
1404,dziunkow,brc,brc_dznkw,431,"",29.4410383064258,49.4538982937316
1405,pawolocz,brc,kij_pwlcz,492,"",29.45,49.8666666666667
1201,berszada,brc,brc_brszd,172,"",29.5106645652708,48.3653417998653
1405,brusylow,brc,kij_brsylw,448,"",29.5333333333333,50.2833333333333
1404,zywotow,brc,brc_zywtw,438,"",29.549986566646,49.2721731294391
1201,granow,brc,kij_grnw,187,Hraniv,29.5667,48.8667
1201,kublicz,brc,kij_kblcz,202,"",29.5666666666667,48.7166666666667
1405,skwira,brc,kij_skwr,503,"",29.6666666666667,49.7333333333333
1404,tetyjow,brc,brc_ttyjw,435,"",29.6782184657351,49.3579190818522
1405,slobodyszcze,brc,kij_slbdyszcz,506,"",29.6,48.9666666666667
1201,teplic,brc,kij_tplc,225,"",29.75,48.6666666666667
1405,makarow,brc,kij_mkrw,518,"",29.8166666666667,50.4666666666667
1405,fastow,brc,kij_fstw,461,"",29.9166666666667,50.0833333333333
1405,borodianka,brc,kij_brdnk,445,"",29.9166666666667,50.65
1405,wolodarka,brc,kij_wldrk,514,"",29.9244620338245,49.5170412573298
1000,serebria,pod,pod_srbr,80,"",29.9333333333333,48.5666666666667
1407,chojniki,brc,kij_chjnk,571,"",29.9833333333333,51.9
1405,horoszkow,brc,kij_hrszkw,465,"",29.9,49.25
1405,przyborsk,brc,kij_przybrsk,496,"",30.0333333333333,51.0166666666667
1201,sawran,brc,kij_swrn,219,"",30.0861639352275,48.1423384208255
1201,sokolowka,brc,kij_sklwk,222,"",30.144764312639,49.0180452276019
1201,uman,brc,kij_mn,232,"",30.2097103404636,48.7494787258727
1407,czarnobyl,brc,kij_czrnbyl,573,"",30.2166666666667,51.2666666666667
1405,hornostajpol,brc,kij_hrnstjpl,463,"",30.25,51.0666666666667
1407,brahin,brc,kij_brhn,570,"",30.2666666666667,51.7833333333333
1405,stawiszcze,brc,kij_stwszcz,505,"",30.2,49.4
1405,jasnohorodka,brc,kij_jsnhrdk,468,"",30.4,50.85
1405,hermanowka,brc,kij_hrmnwk,462,"",30.55,50
1405,taraszcza,brc,kij_trszcz,507,"",30.5,49.5666666666667
1201,bosowka,brc,brc_bswk,174,"",30.6333333333333,49.2333333333333
1407,lubianka,brc,kij_lbnk,578,"",30.7333333333333,49.7
1405,lysianka,brc,kij_lysnk,516,"",30.8333333333333,49.25
1405,bohuslaw,brc,kij_bhslw,444,"",30.8666666666667,49.55
1405,korsun,brc,kij_krsn,475,"",31.2666666666667,49.4166666666667
602,kowal,brc,kij_kwl,763,"",,
1405,traktamirow,brc,kij_trktmrw,509,"",31.3333333333333,49.9833333333333
607,samowa,pzn,pzn_smw,891,"",,
607,lagowice,pzn,pzn_lgwc,907,"",,
1405,horodyszcze,brc,kij_hrdyszcz,464,"",31.45,49.28333333
1407,dymidow,brc,kij_dymdw,574,"",,
1405,moszna,brc,kij_mszn,486,"",31.75,49.5166666666667
1405,smyla,brc,kij_smyl,504,"",31.8833333333333,49.2166666666667
1201,turia,brc,kij_tr,230,"",,
1405,czerkasy,brc,kij_czrksy,457,"",32.0666666666667,49.4166666666667
1405,zabotyn,brc,kij_zbtyn,519,"",32.15,49.15
1405,olszanaja,brc,kij_lsznj,491,"",32.3666666666667,51.6166666666667
1405,machnowka,brc,kij_mchnwk,517,"",32.3833333333333,51.0666666666667
1405,borowica,brc,kij_brwc,446,"",32.5,49.2333333333333
1405,czehryn,brc,kij_czhryn,456,"",32.6666666666667,49.0833333333333
1405,krylow,brc,kij_krylw,479,"",33.2333333333333,49.05
502,krylow,rus,rus_krylw,730,"",,
1405,buzyn,brc,kij_bzyn,449,"",34.2666666666667,57.2166666666667
1405,byszow,brc,kij_byszw,451,"",,
1201,chwaszczow,brc,kij_chwszczw,180,"",,
1406,wolynska_derewicz,wol,wol_wlynsk_drwcz,567,"",,
1202,kozlow,rus,hlc_kzlw,267,"",40.4833333333333,52.9
1405,kaniow,brc,kij_knw,472,"",45.3666666666667,43.1
1406,miedzyrzecz_korecki,wol,wol_mdzyrzcz_krck,547,"",26.86666667,50.65
1000,czeniejowce,brc,brc_cznjwc,25,Chemerivtsi,26.3667,49
1000,grodek_on_dnister,pod,pod_grdk_n_dnstr,34,Gorodnitsa  (horodnica),26.0017,49.0017
1000,jarmolnica,pod,pod_jrmlnc,38,Yarmolyntsi,26.8333,49.2
1000,kudryniec,pod,pod_kdrync,52,Kudryntsi,26.7667,49.3833
1000,pobuzniany,pod,pod_pbznny,74,Potochyshche,25.5853,48.7433
1000,tarnowody,pod,pod_trnwdy,95,Tarnoruda,26.2333,49.4167
1000,ulanowiec,pod,pod_lnwc,98,Ulashkivtsi,25.8256,48.9003
1000,zbrzyszcze,pod,pod_zbrzyszcz,108,Zbryzh,26.1833,48.9333
1201,borszczejowka,brc,kij_brszczjwk,173,"",,
1201,czekielnik,brc,kij_czklnk,181,Chechelnyk,29.3667,48.2167
1201,dωwinogrodka,brc,kij_dωwngrdk,185,Dzyunkiv,29.45,49.45
1201,hajsan,brc,kij_hjsn,190,Haysyn,29.4,48.8
1201,janoszgrod,brc,kij_jnszgrd,193,Ivanhorod,29.7833,48.8
1201,jozefgrod,brc,kij_jzfgrd,195,balta,29.6219444444444,47.94
1201,kuzminka,brc,kij_kzmnk,203,Kozhanka,29.2833,49.3
1202,potok,rus,hlc_ptk,285,Zolotyy Potik,25.3428,48.9089
1202,dniatyn,rus,hlc_dntyn,307,dniatyn,24.6166666666667,48.5333333333333
1203,knichynicze,rus,lww_knchyncz,327,Knyahynychi,24.4667,49.3833
1300,nowomiasto_bybel,rus,prz_nwmst_bybl,369,Nove Misto,22.8667,49.6167
1401,kamien_korzecki,wol,wol_kmn_krzck,371,Kamen Kashirskiy,24.9667,51.6333
1401,milianowiec,wol,wol_mlnwc,375,Mylianovychi,24.45,51.1833
1405,czerwone,brc,kij_czrwn,459,Chervone,28.8667,49.9667
1405,kalnibloto,brc,kij_klnblt,470,Kalnibolot,30.9833333333333,48.75
1405,korostaszow,brc,kij_krstszw,474,Korostyshiv,29.0667,50.3167
1405,medwincy,brc,kij_mdwncy,483,Medvin,30.7833333333333,49.3833333333333
1405,motowolowka,brc,kij_mtwlwk,488,motowilowka,30.0833333333333,50.15
1406,misocz,wol,wol_mscz,549,Mizoch,26.15,50.4
401,wolka_goworowska,maz,maz_wlk_gwrwsk,674,Goworowo,21.5667,52.9
501,mosty_krolewkie,blz,blz_msty_krlwk,700,Velyki Mosty,24.15,50.2333
501,mosty_szlacheckie,blz,blz_msty_szlchck,701,"",,
602,Brześć Kujawski,brc,kij_brzsc,757,Brześć Kujawski,18.8980555555556,52.605
603,pogorzel,kls,kls_pgrzl,802,Pogorzela,17.2304,51.8235
603,labuszyn,kls,kls_lbszyn,817,Labiszyn,17.9147,52.9533
607,frydlandek,pzn,pzn_frydlndk,871,"",,
607,obrzysko,pzn,pzn_brzysk,883,Obrzycko,16.5295,52.707
608,rawa,rwa,raw_rw,918,Mszczonow,20.5167,51.9833
702,kaminsk,sier,sier_kmnsk,959,Kamiensk,19.4961,51.2028
702,warsaw,rwa,raw_wrsw,966,Wiersze,20.6667,52.3333
801,cape_between_san,lbl,lbl_cp_btwn_sn,1033,"",,
802,rawa,rwa,raw_rw,1065,Rawa Mazowiecka,20.2549,51.7644
802,roza,maz,maz_rz,1066,"",19.3,51.6
900,goray,lbl,lbl_gry,1112,"",22.65,50.7166666666667
502,lubomla,rus,rus_lbml,729,"",24.0333333333333,51.2333333333333
1000,solobkowiec,pod,pod_slbkwc,88,"",26.9166666666667,49.0833333333333
1201,czerniejowce,brc,kij_czrnjwc,182,"",28.1166666666667,48.5333333333333
1201,komajgrod,brc,kij_kmjgrd,205,"",28.6166666666667,48.5333333333333
1201,szopkowice,brc,kij_szpkwc,224,"",,
1202,bolszowiec,"",hlc_blszwc,248,"",24.7463888888889,49.1855555555556
1202,pistynia,rus,hlc_pstyn,282,"",,
1203,janow,rus,lww_jnw,323,Ivano-Frankove,23.733333333333,49.916666666667
1402,tofipol,wol,wol_tfpl,395,"",26.4166666666667,49.8333333333333
1403,borowce,wol,wol_brwc,409,"",,
1405,dolbysz,brc,kij_dlbysz,460,"",27.9833333333333,50.3666666666667
1405,kahorlik,brc,kij_khrlk,469,"",30.8333333333333,49.85
1406,czartoryja,wol,wol_czrtryj,528,"",25.8666666666667,51.2166666666667
1406,kamienczyk,wol,wol_kmnczyk,537,"",,
1406,sarny,wol,wol_srny,554,"",26.6,51.3333333333333
1202,janow,hlc,hlc_jnw,1300,"",,.7944444444444
1406,janow,wol,wol_jnw,536,"",24.1163888888889,50.7944444444444
100,jozefow,lbl,lbl_jzfw,5,"",23.05,50.4833333333333
1203,grodek,rus,lww_grdk,322,"",23.6444444444444,49.7833333333333
1402,ptycze,wol,wol_ptycz,390,"",,
1408,bersteczko,wol,wol_brstczk,582,"",25.1166666666667,50.35
301,sniadow,maz,maz_sndw,630,"",,
501,oleszczyce,blz,blz_lszczyc,704,"",23.0308333333333,50.1669444444444
603,granowo,kls,kls_grnw,781,"",16.5280555555556,52.2222222222222
605,blaszkow,srd,swr_blszkw,838,"",,
608,ilowo,rwa,raw_lw,914,"",20.2919444444444,53.1663888888889
701,pilca,krk,krk_plc,938,"",19.6566666666667,50.4663888888889
701,janow,krk,krk_jnw,952,"",19.4361111111111,50.7219444444445
803,przytuk,snd,snd_przytk,1091,"",20.9044444444444,51.4683333333333
1000,fulsztyn,pod,pod_flsztyn,32,"",,
1000,krolowka,pod,pod_krlwk,50,"",,
1000,lanckorona,pod,pod_lnckrn,55,"",,
1000,turylicz,pod,pod_trylcz,99,"",48.9333333333333,53.3666666666667
1100,babice_bachow,rus,rus_bbc_bchw,113,"",24.65,49.5333333333333
1100,czarna,rus,rus_czrn,119,"",,
1100,lubomierz,rus,rus_lbmrz,140,"",,
1201,grygrycz,brc,kij_grygrycz,188,"",,
1201,kolatynka,brc,kij_kltynk,199,"",39.6166666666667,54.4666666666667
1300,uszkow,rus,prz_szkw,367,"",87.3166666666667,54.1
1403,czetwertnie,wol,wol_cztwrtn,411,"",48.0166666666667,58.75
1405,bialopole,brc,kij_blpl,441,"",23.7333333333333,50.9833333333333
1405,borszczejowka,brc,kij_brszczjwk,447,"",34.0166666666667,55.7666666666667
1405,pradzow,brc,kij_prdzw,495,"",,
1405,rzeszczow,brc,kij_rzszczw,502,"",24.7666666666667,50.35
1405,lowkow,brc,kij_lwkw,515,"",,
1408,hulowka,wol,wol_hlwk,586,"",43.6333333333333,48.65
301,zawadow,maz,maz_zwdw,636,"",,
603,czerniejow,kls,kls_czrnjw,775,"",,
604,bratoszowice,lcz,lcz_brtszwc,825,"",,
607,restarzew,pzn,pzn_rstrzw,889,"",,
702,nowotaniec,rwa,raw_nwtnc,961,"",22.0333333333333,49.5
702,jacmierz,rwa,raw_jcmrz,964,"",,
801,mnichow,lbl,lbl_mnchw,1022,"",,
801,grodek,lbl,lbl_grdk,1039,"",22.8,51.5833333333333
802,drwalew,maz,maz_drwlw,1049,"",19.0666666666667,51.9666666666667
900,frannopol,lbl,lbl_frnnpl,1111,"",24.2833333333333,50.7333333333333
1000,dunajowiec,pod,pod_dnjwc,29,"",26.83333333,48.9
1000,ploskirow,pod,pod_plskrw,75,"",27,49.41666667
1000,ulaszkowiec,pod,pod_lszkwc,103,"",25.83333333,48.9
1201,murachwa,brc,kij_mrchw,211,"",28.21666667,48.78333333
1403,leszniowek,wol,wol_lsznwk,420,"",25.08333333,50.23333333
1405,koszowata,brc,kij_kszwt,476,"",30.61666667,49.48333333
200,rozwadow,srd,swr_rzwdw,615,"",22.05,50.58333333
501,krystynpol,blz,blz_krystynpl,696,"",24.23333333,50.38333333
602,lubrabiec,brc,kij_lbrbc,765,"",18.85,52.55
603,golancza,kls,kls_glncz,779,"",17.3,52.95
702,bukowsko,rwa,raw_bkwsk,957,"",,
702,koniecpol,sier,sier_kncpl,960,"",19.5,51.21666667
702,rymanow,rwa,raw_rymnw,962,"",21.86666667,49.58333333
702,praszka,maz,maz_prszk,965,"",18.46666667,51.05
801,baranow,lbl,lbl_brnw,1014,"",22.15,51.56666667
801,kazimierz,lbl,lbl_kzmrz,1018,"",21.95,51.31666667
802,warsaw,maz,maz_wrsw,1070,"",21,52.25
803,lipsko,snd,snd_lpsk,1088,"",,
803,skaryszew,snd,snd_skryszw,1096,"",21.25,51.31666667
900,tarnogrod,snd,snd_trngrd,1116,"",22.75,50.36666667
900,tomaszow,lbl,lbl_tmszw,1125,"",,
1000,chmielnik,pod,pod_chmlnk,22,"",27.96666667,49.55
1000,kuzmin,pod,pod_kzmn,54,"",,
1000,ulanow,pod,pod_lnw,101,"",28.13333333,49.7
1100,grodzisk,rus,rus_grdzsk,127,"",16.36666667,52.23333333
1100,walawa,rus,rus_wlw,160,"",,
1201,monasterzyska,brc,kij_mnstrzysk,210,"",25.16666667,49.08333333
1201,niemirow,brc,kij_nmrw,212,"",,
1201,rajgrod,brc,kij_rjgrd,216,"",22.7,53.73333333
1402,oleszyce,wol,wol_lszyc,388,"",,
1403,krasnostaw,wol,wol_krsnstw,419,"",27.18333333,50.4
1403,zurawno,wol,wol_zrwn,430,"",,
1404,ulanow,pod,pod_lnw,436,"",28.13333333,49.7
1405,berdyczow,brc,kij_brdyczw,439,"",28.58333333,49.9
1405,miedzyrzecz,brc,kij_mdzyrzcz,484,"",26.48333333,50.3
1405,nowy_lubar,brc,kij_nwy_lbr,489,"",27.75,49.91666667
1405,rejgrod,brc,kij_rjgrd,498,"",22.7,53.73333333
1406,leczna,wol,wol_lczn,566,"",,
301,grajew,maz,maz_grjw,622,"",,
501,jaroczew,blz,blz_jrczw,720,"",,
602,izbica,brc,kij_zbc,761,"",,
602,lubraniec,brc,kij_lbrnc,766,"",18.85,52.55
602,piotrkow,brc,kij_ptrkw,767,"",,
602,przedecz,brc,kij_przdcz,768,"",18.9,52.33333333
602,strzelno,brc,kij_strzln,770,"",18.2,52.63333333
603,naklo,kls,kls_nkl,799,"",17.6,53.15
603,raszkow,kls,kls_rszkw,804,Raszków,17.7275,51.7184
605,makow,maz,maz_mkw,844,"",21.1,52.86666667
607,grodzisko,pzn,pzn_grdzsk,873,"",,
1406,konstantynow,wol,wol_knstntynw,538,"",,
1408,orychow,wol,wol_rychw,607,Horychiv,24.3,50.783333
1407,nordzynsk,brc,kij_nrdzynsk,581,Norinsk,28.6,51.266666666667
1000,borek,pod,pod_brk,20,"",,
1100,balicz,rus,rus_blcz,114,"",,
1100,bybel,rus,rus_bybl,116,"",,
1100,chodnowicz,rus,rus_chdnwcz,117,"",,
1100,czupnowicz,rus,rus_czpnwcz,120,"",,
1100,sadowa,rus,rus_sdw,150,"",,
1100,klucz_niklowiecki,rus,rus_klcz_nklwck,169,"",,
1201,chaszejowka,brc,kij_chszjwk,178,"",,
1201,gologorz,brc,kij_glgrz,186,"",,
1201,gurniewice,brc,kij_grnwc,189,"",,
1201,janow,brc,kij_jnw,194,"",,
1201,roznialowka,brc,kij_rznlwk,218,"",,
1201,salasze,brc,kij_slsz,221,"",,
1201,zadykowicz,brc,kij_zdykwcz,237,"",,
1202,kakielniki,rus,hlc_kklnk,263,"",,
1203,sokolowka,rus,lww_sklwk,344,"",,
1402,ozochowce,wol,wol_zchwc,389,"",,
1402,perniatyn,wol,wol_prntyn,391,"",,
1402,testuchow,wol,wol_tstchw,396,"",,
1402,woloczysko,wol,wol_wlczysk,399,"",,
1402,zabikryk,wol,wol_zbkryk,401,"",,
1402,izumsk,wol,wol_zmsk,404,"",,
1402,klucz,wol,wol_klcz,407,"",,
1405,husia,brc,kij_hs,466,"",,
1406,czernilowka,wol,wol_czrnlwk,529,"",,
1406,maryan,wol,wol_mryn,546,"",,
1406,misicz_maly,wol,wol_mscz_mly,548,"",,
1407,choszczomel,brc,kij_chszczml,572,"",,
1407,sylweszna,brc,kij_sylwszn,576,"",,
1408,rozenpol,wol,wol_rznpl,593,"",,
1408,stolowka,wol,wol_stlwk,596,"",,
900,ekonomia,snd,snd_knm,1123,"",,
605,boleslaw,srd,swr_blslw,839,"",,
1000,mohylow_podolski,pod,pod_mhylw_pdlsk,65,Mohyliv-Podilskyy,27.8,48.45
